"0","3247","49","16","1991-10-15 05:28:06","2840.75","2","true"
"1","4025","73","98","1993-05-16 11:19:29","6535.49","6","false"
"2","3635","26","8","1991-01-23 07:17:47","3784.82","2","true"
"3","3681","3","48","1975-06-12 11:41:13","9184.84","7","true"
"4","3618","0","87","1976-04-21 13:12:34","5735.80","2","true"
"5","1283","66","40","1973-04-26 23:41:11","6598.23","9","false"
"6","2382","88","83","1981-08-29 01:30:20","6471.49","3","true"
"7","2687","71","25","1971-10-29 20:41:39","720.63","9","false"
"8","1081","16","49","1997-05-05 06:03:25","1843.84","2","true"
"9","2899","8","56","1996-05-20 09:48:34","1495.65","8","true"
"10","4139","26","40","2003-02-14 13:59:08","4934.10","6","false"
"11","651","78","88","2013-01-05 02:01:46","8471.82","8","true"
"12","1510","75","8","1992-11-14 13:30:52","6115.69","4","true"
"13","394","16","37","2000-03-09 04:02:47","597.71","7","false"
"14","838","8","98","1993-02-19 17:49:25","8360.08","6","true"
"15","4504","33","20","1983-08-08 08:10:50","8397.83","5","false"
"16","491","6","14","1982-12-15 23:43:55","9099.26","6","true"
"17","2523","6","48","1987-08-03 19:33:45","461.02","1","false"
"18","3972","59","92","1991-03-05 14:33:19","3751.10","6","true"
"19","3538","18","42","1970-03-15 20:46:00","4956.00","10","false"
"20","970","87","70","2003-11-17 10:00:07","3230.05","6","true"
"21","2521","65","19","1975-09-05 04:33:32","8533.65","4","true"
"22","2089","85","61","1985-09-16 12:01:16","802.22","1","true"
"23","4184","19","62","2018-03-04 23:42:00","4608.74","4","true"
"24","1684","83","27","1971-11-23 05:45:56","3304.77","2","true"
"25","866","44","21","2005-09-24 10:51:20","1725.89","9","true"
"26","4083","70","50","2009-05-12 03:35:36","5793.37","1","true"
"27","4102","69","64","1997-12-28 01:14:14","2403.99","9","true"
"28","401","78","90","2004-03-16 16:11:18","3465.77","7","false"
"29","197","37","17","2022-04-24 08:27:31","3457.75","5","true"
"30","1929","73","56","2020-06-27 05:40:24","2020.48","8","true"
"31","1111","3","52","1975-06-05 02:56:46","1086.00","10","false"
"32","4529","1","46","1996-09-12 03:37:13","4918.47","8","true"
"33","2177","22","59","1987-03-01 00:41:48","3649.50","10","false"
"34","1006","43","77","1977-12-03 12:39:49","1827.45","5","true"
"35","1567","87","46","2022-02-28 20:09:24","9753.11","9","true"
"36","4301","52","87","2014-02-24 17:36:54","2111.52","2","true"
"37","1891","73","10","2001-01-14 07:39:08","9334.58","10","false"
"38","820","13","31","1993-01-06 02:36:49","9605.83","9","true"
"39","1695","36","1","1974-12-15 19:01:03","3659.55","1","true"
"40","1318","78","2","2009-04-21 01:08:33","4423.56","4","true"
"41","2479","94","12","1973-08-05 12:20:57","1754.05","4","true"
"42","2090","7","31","2017-09-10 01:22:23","5890.71","5","true"
"43","2696","53","18","2010-01-13 04:05:52","9961.12","8","true"
"44","3276","78","4","2009-07-22 15:06:53","9429.54","1","false"
"45","3509","33","32","1994-07-31 19:37:52","6557.05","1","true"
"46","4280","9","57","2005-02-19 09:42:40","4111.67","3","false"
"47","4546","51","48","1996-08-03 19:12:06","6756.22","5","true"
"48","4656","14","10","1988-07-02 00:48:06","6997.36","9","false"
"49","2059","94","24","1982-01-07 06:02:46","1279.57","4","true"
"50","2241","15","1","2009-07-06 02:38:59","6662.73","2","false"
"51","3792","28","83","1997-11-04 09:02:00","2066.04","7","true"
"52","1613","30","50","2014-12-23 20:21:05","4892.57","7","false"
"53","2134","23","2","1995-01-15 11:55:52","6624.31","7","true"
"54","2524","89","56","1987-11-25 00:13:10","677.67","3","false"
"55","21","57","21","1982-06-18 08:15:00","2253.06","9","false"
"56","4804","99","50","1994-10-20 02:34:55","5799.47","3","false"
"57","3548","55","75","1992-05-06 02:31:47","2926.59","10","false"
"58","742","48","52","1973-04-23 05:25:09","796.70","1","false"
"59","582","76","37","1990-05-15 00:20:30","9775.21","8","false"
"60","2670","26","98","2009-07-01 05:37:26","9854.18","1","true"
"61","2150","0","31","1996-11-30 06:18:57","9234.89","5","false"
"62","3739","73","62","1976-09-30 01:56:05","288.77","9","false"
"63","3801","43","89","2020-11-25 17:19:18","7230.87","5","false"
"64","2932","11","19","1984-08-08 20:58:15","3252.59","10","true"
"65","760","16","24","1990-03-14 16:42:31","8326.27","7","false"
"66","2299","37","3","1989-12-19 23:06:39","8672.19","8","true"
"67","1406","76","73","2002-07-02 13:16:06","5645.66","3","true"
"68","1843","65","74","2012-08-28 03:38:35","6016.05","8","true"
"69","4491","7","96","2007-12-21 14:47:48","8916.92","3","false"
"70","4904","20","12","2007-03-15 17:16:30","8791.74","9","false"
"71","2368","17","80","1978-08-24 00:22:37","1466.51","6","true"
"72","898","98","79","1978-01-18 10:44:27","8650.67","5","false"
"73","4241","83","76","2018-02-14 09:40:19","8261.72","2","true"
"74","1688","60","53","2015-10-28 05:23:03","8538.00","6","true"
"75","1674","32","16","1982-02-11 14:32:34","9508.97","7","false"
"76","1752","34","22","2010-01-26 23:02:55","1372.74","8","true"
"77","3307","3","63","2012-07-02 06:45:20","5221.85","2","false"
"78","1504","78","44","1972-12-28 01:23:36","1855.83","5","false"
"79","2459","99","59","1992-10-07 17:13:04","4651.63","2","true"
"80","4252","88","96","1989-08-09 10:09:32","5611.62","8","false"
"81","4349","15","18","1978-05-01 05:01:43","9788.01","6","true"
"82","4373","9","98","2010-06-12 01:40:48","9279.27","7","true"
"83","2345","91","7","1995-07-08 23:29:18","4939.39","9","true"
"84","1548","40","6","1985-12-05 22:16:36","4207.51","3","false"
"85","3479","53","41","2022-05-11 02:11:11","8460.99","1","false"
"86","1556","67","95","2013-02-03 15:46:35","5902.60","3","false"
"87","4330","19","76","2020-02-10 03:05:24","9376.47","5","false"
"88","3913","67","48","2017-03-13 04:18:45","9370.23","8","true"
"89","4133","49","58","1973-10-24 19:00:31","4989.04","9","true"
"90","981","36","94","2017-08-05 00:42:18","3459.38","4","true"
"91","1353","29","80","1996-07-23 22:14:54","7823.19","8","true"
"92","1569","57","71","1989-08-27 15:10:28","4691.99","1","false"
"93","3544","37","32","2007-02-20 12:33:01","9489.25","9","false"
"94","3363","39","44","1985-05-21 08:26:38","4174.26","8","true"
"95","4688","4","91","1974-03-31 06:50:42","9184.44","6","true"
"96","4939","36","96","1980-07-12 04:14:44","6361.20","5","false"
"97","3390","80","69","2016-09-26 03:28:51","5871.49","4","true"
"98","4932","43","78","1980-05-21 18:30:38","3250.17","4","true"
"99","4511","20","81","1971-06-03 03:05:47","4384.78","7","false"
"100","1824","45","99","1994-07-25 07:37:22","19.85","1","false"
"101","3309","67","75","2013-08-29 12:17:46","5122.59","8","false"
"102","2265","60","58","1983-11-08 17:49:36","7545.09","9","false"
"103","4217","13","69","2006-07-02 11:22:50","2677.84","9","false"
"104","1272","92","75","1988-04-21 17:45:57","6715.87","7","false"
"105","2502","59","47","1982-06-30 08:31:47","9400.47","8","false"
"106","3942","92","19","1995-06-09 05:30:47","6858.91","7","false"
"107","1947","39","43","2007-11-10 08:08:51","4914.83","2","true"
"108","2529","59","10","1977-02-20 17:57:32","5508.32","4","false"
"109","202","19","8","1997-01-29 00:03:50","5518.59","6","false"
"110","4412","67","64","2014-12-26 11:55:26","9051.08","3","true"
"111","2836","66","3","2011-05-03 23:11:18","943.92","9","true"
"112","582","54","80","2004-06-25 06:46:33","9242.10","2","true"
"113","3994","58","98","2018-11-29 17:44:43","7.82","5","true"
"114","883","93","65","1993-07-15 20:02:45","6441.02","5","true"
"115","2646","69","11","2018-11-14 14:37:56","4737.67","4","false"
"116","3900","32","61","1982-07-02 12:14:11","4387.56","8","false"
"117","2878","73","46","1982-09-14 12:28:34","1720.49","4","false"
"118","3477","36","30","2017-10-12 05:00:11","5168.84","3","true"
"119","167","96","85","1999-02-24 14:18:40","1809.10","10","false"
"120","2823","7","88","1973-06-29 11:01:01","8027.96","2","true"
"121","4572","56","89","1996-10-09 07:07:23","4436.85","7","false"
"122","2431","92","1","2018-07-28 20:53:45","4569.29","7","true"
"123","3085","77","84","1994-02-28 13:12:26","5019.06","6","false"
"124","4414","54","75","1997-08-17 18:22:40","1910.09","6","true"
"125","981","21","2","1983-12-26 06:58:14","6563.30","8","true"
"126","2359","47","95","1983-05-06 10:18:58","88.72","10","true"
"127","2892","80","92","1980-10-12 16:08:24","2522.44","9","true"
"128","4806","81","58","2004-06-04 13:50:20","3212.15","8","true"
"129","4959","78","39","1989-02-04 16:57:26","2980.17","9","true"
"130","3173","97","36","2023-04-27 07:42:38","6983.58","8","true"
"131","2531","29","6","2006-10-16 18:16:13","5260.65","7","false"
"132","2417","22","56","1981-01-03 19:41:25","3846.01","3","true"
"133","2595","28","0","1978-01-25 22:15:55","8118.04","7","true"
"134","4122","70","61","1994-05-10 08:56:44","1533.09","1","false"
"135","3690","39","5","1970-05-09 04:30:15","703.39","7","false"
"136","4579","59","64","1974-12-04 01:47:31","7374.15","7","true"
"137","1971","61","34","1971-06-01 05:35:16","3233.09","8","true"
"138","4933","80","58","1987-08-26 13:39:43","2188.69","5","false"
"139","4479","29","70","1970-10-22 12:51:38","2883.46","10","true"
"140","2386","40","50","1982-09-18 23:57:54","405.40","6","true"
"141","752","33","44","1971-11-28 03:45:35","8061.41","7","false"
"142","1350","3","57","2020-07-05 02:26:26","4374.86","5","false"
"143","3553","64","20","2017-08-23 19:14:22","3027.16","1","false"
"144","4340","37","78","1976-03-14 07:26:32","9676.36","4","false"
"145","3408","43","92","2011-11-12 18:15:38","1035.94","6","true"
"146","3238","29","91","2006-08-31 23:31:55","1549.53","1","true"
"147","1832","37","48","1973-06-18 01:45:17","1727.90","6","false"
"148","776","23","85","1980-07-09 10:29:21","222.29","8","true"
"149","1447","19","87","2007-08-05 04:39:56","1921.45","7","true"
"150","4416","40","4","1997-03-20 19:29:56","9965.30","10","true"
"151","2304","44","30","2006-10-21 19:03:37","2226.09","8","false"
"152","3620","41","0","1993-08-22 10:26:04","4773.49","4","true"
"153","2719","9","86","1971-01-25 10:26:07","6000.38","5","true"
"154","4602","63","57","2018-12-17 06:49:35","8090.48","3","true"
"155","407","9","49","2006-03-10 06:24:45","5629.75","10","true"
"156","2970","42","7","2009-11-27 12:38:52","1605.67","7","false"
"157","2863","50","36","1970-02-15 10:03:00","4272.02","1","true"
"158","1986","60","40","1973-04-24 04:03:08","9565.61","3","true"
"159","4248","32","99","2014-03-14 15:01:31","3252.84","4","true"
"160","1330","21","29","2021-10-17 17:27:37","6816.06","10","false"
"161","3475","37","84","2017-10-07 18:03:44","2379.28","3","false"
"162","4884","57","95","2019-02-04 12:45:39","254.56","6","true"
"163","3126","98","80","1986-03-29 09:25:44","5246.91","5","false"
"164","1415","26","65","1985-11-21 05:09:07","610.81","9","false"
"165","2329","45","67","1985-06-06 09:28:45","7260.47","9","true"
"166","1873","19","73","1996-05-06 11:21:50","523.33","7","true"
"167","4345","71","88","2000-08-15 02:44:50","8462.11","7","true"
"168","3133","99","17","1995-04-28 10:31:13","571.73","10","false"
"169","4010","56","19","2022-11-20 06:04:03","700.77","7","true"
"170","4508","68","66","2023-11-15 20:09:17","846.17","4","true"
"171","2907","50","63","1982-08-04 05:23:44","7556.30","4","true"
"172","24","19","93","1970-10-20 21:10:39","3312.78","5","true"
"173","4429","6","87","1999-10-10 06:53:24","3635.09","5","true"
"174","1776","68","80","2023-09-19 14:00:50","3878.59","6","false"
"175","3325","90","91","1991-09-18 06:57:35","466.03","9","true"
"176","158","15","90","1992-12-29 12:27:29","4455.56","3","false"
"177","2776","29","1","2006-04-09 09:24:43","8153.32","5","false"
"178","1244","0","23","1970-12-21 23:47:29","5748.56","7","true"
"179","2781","68","5","2022-12-31 21:45:02","9421.13","1","true"
"180","4565","93","44","2014-08-11 21:07:38","5218.80","8","false"
"181","3177","85","88","2001-04-27 09:45:46","8667.98","7","false"
"182","4844","35","55","1999-10-20 00:09:23","1660.87","3","true"
"183","112","12","57","1989-01-09 06:42:28","8231.75","3","true"
"184","580","64","43","1998-08-29 05:38:47","1667.65","10","false"
"185","2587","40","90","1975-07-17 15:35:57","5885.43","7","false"
"186","4521","16","89","2021-03-14 23:20:01","8705.24","6","false"
"187","3748","45","21","2008-02-19 05:47:33","9602.72","10","true"
"188","131","55","45","2019-12-14 02:17:32","6996.87","8","true"
"189","1806","98","91","2021-12-28 06:51:53","873.36","10","true"
"190","3259","1","70","1994-01-31 22:54:11","8740.09","4","true"
"191","2730","3","22","2016-06-01 19:07:14","1560.47","9","false"
"192","4621","43","34","1994-12-30 05:48:11","5266.64","9","false"
"193","2230","83","34","1976-04-28 05:03:23","2033.95","5","true"
"194","1512","34","24","1981-08-14 02:34:22","2260.47","8","true"
"195","22","44","56","2007-04-11 06:19:26","9287.93","7","true"
"196","4983","12","94","2017-08-18 13:17:40","988.06","8","true"
"197","3906","32","83","2005-08-30 05:18:20","932.93","4","true"
"198","701","79","77","2007-12-10 08:33:51","8784.15","8","true"
"199","4842","32","91","1990-07-18 10:42:17","8481.67","5","true"
"200","3930","21","39","1995-01-10 07:30:49","2824.48","10","false"
"201","2996","79","96","2019-08-31 14:14:54","1022.79","6","true"
"202","266","36","52","1984-03-31 00:02:10","4517.24","3","false"
"203","3644","87","83","1980-07-23 21:46:42","8950.31","8","false"
"204","70","25","16","2007-10-11 06:14:36","7710.50","6","true"
"205","3133","17","47","2009-09-29 08:20:39","1651.90","2","true"
"206","303","65","95","2021-10-19 03:52:14","3724.48","9","true"
"207","9","81","41","2016-07-23 03:24:59","8929.57","2","true"
"208","156","57","27","1974-12-05 08:12:01","7575.76","2","false"
"209","1988","41","10","1986-01-25 17:26:00","3353.41","9","false"
"210","4028","76","62","1975-08-07 09:21:39","7028.83","9","false"
"211","465","17","38","1989-07-03 20:38:40","4729.18","2","false"
"212","488","77","11","2012-10-12 18:10:13","1748.89","8","true"
"213","2433","57","32","2000-07-31 13:51:50","2210.48","2","false"
"214","942","54","18","1993-10-02 03:54:07","1622.60","10","true"
"215","528","46","55","1970-11-03 17:48:19","7226.46","8","true"
"216","2652","79","38","2010-08-14 10:53:10","7639.14","10","false"
"217","2809","79","34","1990-11-02 16:26:08","353.75","9","true"
"218","2866","97","66","1991-03-17 11:54:43","4729.22","1","false"
"219","4792","21","37","1994-09-13 12:50:17","1040.36","5","false"
"220","419","95","50","2003-03-01 02:56:29","2328.30","9","true"
"221","2585","74","41","1992-11-10 19:05:15","2880.87","9","true"
"222","2365","73","8","1982-04-04 19:31:12","561.38","2","false"
"223","2784","48","85","1997-07-27 05:27:59","8368.57","4","true"
"224","4021","25","76","1970-03-08 06:23:33","3613.67","6","true"
"225","3585","15","57","1989-07-17 15:21:44","6672.86","4","false"
"226","637","9","60","1977-07-25 01:49:54","1393.94","5","true"
"227","4606","4","54","1996-08-30 02:06:31","9888.75","6","false"
"228","2651","95","33","1973-08-18 01:47:34","3595.13","6","true"
"229","859","32","41","2008-08-15 08:12:57","1100.36","10","true"
"230","3688","70","86","1995-04-01 04:26:48","953.12","8","true"
"231","882","76","49","1972-05-19 02:17:04","5445.62","7","false"
"232","2698","36","54","1986-09-17 16:29:21","278.77","2","true"
"233","335","89","60","2014-12-17 21:17:33","6656.13","5","false"
"234","10","42","13","1988-10-18 06:47:03","1042.66","2","true"
"235","975","31","42","2018-04-18 23:43:47","3050.32","2","false"
"236","3167","87","13","1974-08-20 08:47:35","4848.47","1","true"
"237","301","58","33","2004-07-05 05:46:36","9792.63","8","false"
"238","1108","10","35","1989-11-07 04:01:13","8722.02","10","true"
"239","3667","29","89","1978-02-07 21:33:53","4513.39","1","false"
"240","1959","27","19","2004-08-22 06:43:22","8816.70","7","false"
"241","3377","4","19","2002-06-07 14:49:35","283.35","9","false"
"242","3117","19","41","2015-12-24 03:52:10","6311.25","1","true"
"243","3326","12","92","2007-03-07 05:10:39","9907.16","8","false"
"244","1447","46","83","2023-11-15 12:45:34","4374.30","3","false"
"245","983","37","30","1979-01-13 00:18:05","2691.77","3","false"
"246","4359","70","73","1970-11-17 22:18:22","4595.95","7","false"
"247","4314","10","67","2004-01-25 19:03:56","9951.88","6","true"
"248","3864","33","17","2010-06-16 20:57:24","4739.94","8","true"
"249","2983","27","77","1998-08-06 17:06:32","8090.76","1","false"
"250","66","69","92","1978-03-18 23:28:45","984.40","6","false"
"251","968","86","77","1985-01-09 20:41:54","5224.03","7","true"
"252","1796","54","74","1982-08-30 03:02:23","1378.51","9","false"
"253","4880","47","35","2015-03-08 21:59:30","5998.39","2","false"
"254","2198","52","11","1999-06-24 00:58:09","6930.01","3","true"
"255","1768","33","86","1983-05-20 13:18:22","5145.67","6","true"
"256","1638","11","53","1983-07-22 14:55:33","9406.64","6","true"
"257","2155","24","57","1994-08-30 11:50:44","6941.14","9","true"
"258","735","1","70","2009-06-20 18:07:41","2403.91","3","true"
"259","2956","18","9","1983-12-14 00:37:44","8860.45","10","true"
"260","4332","46","8","1999-10-04 18:09:22","144.69","5","false"
"261","1347","51","18","1987-04-29 02:43:16","3320.39","4","false"
"262","2716","57","59","2003-01-02 15:34:40","8555.28","3","true"
"263","1700","10","18","2004-01-18 16:19:04","440.78","8","false"
"264","2870","2","75","1980-07-16 04:00:59","6498.41","2","true"
"265","4647","13","11","1988-06-06 16:19:44","5800.69","3","false"
"266","209","96","16","2002-03-11 11:53:11","4385.73","2","true"
"267","2134","73","97","1980-07-20 23:53:54","3228.00","2","false"
"268","1683","27","16","1995-05-14 00:04:07","4340.62","4","false"
"269","2936","44","93","1990-06-30 13:07:34","2251.90","3","true"
"270","1606","83","75","1981-06-28 23:15:09","63.31","4","false"
"271","4829","9","31","2014-07-10 09:21:36","3155.99","1","true"
"272","2157","27","40","2009-10-14 14:16:39","7800.17","2","true"
"273","119","56","4","1989-06-19 05:23:37","8430.84","3","false"
"274","2484","8","13","2017-12-31 12:54:02","7674.27","7","true"
"275","1390","95","56","2022-05-03 14:42:25","4669.30","9","false"
"276","135","58","91","1971-10-26 08:08:35","5792.78","4","false"
"277","4813","91","18","2003-06-30 15:56:09","3814.44","9","true"
"278","405","97","75","1994-09-25 12:40:50","6041.17","3","true"
"279","850","50","94","2021-05-31 03:59:11","5737.01","5","false"
"280","687","67","30","1975-08-03 23:12:09","7114.28","5","true"
"281","2594","14","0","1981-11-17 23:06:11","9158.44","5","false"
"282","1245","80","10","1982-11-09 21:43:32","403.17","1","true"
"283","4123","14","4","1996-05-08 10:27:15","5998.52","6","false"
"284","269","10","57","2015-04-25 08:50:53","5267.87","6","true"
"285","88","18","24","1985-06-13 12:35:13","473.84","6","true"
"286","4972","52","30","2023-04-27 18:24:33","3159.51","4","true"
"287","3526","40","59","1981-03-28 21:56:56","200.27","9","false"
"288","604","87","84","2016-06-26 07:10:35","2605.52","4","true"
"289","4105","99","51","1975-12-01 20:26:29","6242.77","7","true"
"290","2744","51","17","2013-11-02 10:58:43","914.71","5","true"
"291","827","71","79","2005-10-13 19:18:59","2152.54","6","true"
"292","3194","64","43","1970-05-13 04:14:30","3669.96","1","true"
"293","1389","97","35","2008-08-08 22:37:12","5094.42","7","true"
"294","4446","55","27","2013-08-16 10:20:37","1759.26","5","false"
"295","3189","72","68","1977-06-05 12:52:05","4560.07","2","true"
"296","1533","22","63","1995-09-07 09:04:18","3464.61","6","true"
"297","3626","86","15","1980-07-19 07:07:50","7659.34","6","false"
"298","3489","35","2","1974-11-05 00:31:59","1731.24","5","true"
"299","2183","50","10","1998-11-30 01:30:40","230.89","5","false"
"300","3462","96","75","1970-07-14 00:22:14","6522.40","8","false"
"301","4225","96","1","1989-11-12 16:59:57","989.74","1","false"
"302","4675","7","59","2013-05-02 11:13:45","9895.88","3","true"
"303","3786","41","74","2021-02-19 04:00:36","3641.39","8","false"
"304","4286","89","53","1981-09-18 22:02:50","6902.98","9","false"
"305","4126","82","5","2008-03-29 23:06:39","7932.06","6","false"
"306","936","19","80","2005-12-10 01:07:40","5734.42","9","false"
"307","4572","61","79","1970-02-04 12:15:31","835.02","3","false"
"308","1601","2","43","1990-03-26 09:30:33","7618.12","6","false"
"309","1909","19","36","1990-06-16 01:17:06","1792.17","8","true"
"310","4081","91","53","2014-10-28 15:38:12","1504.21","7","true"
"311","307","3","70","2006-03-18 23:49:45","1303.53","6","true"
"312","229","33","29","1998-03-11 23:21:40","7918.41","4","false"
"313","4334","93","6","1994-11-28 17:20:54","879.12","8","true"
"314","4416","20","99","2017-09-25 05:41:39","8730.93","4","true"
"315","2485","88","59","1997-11-06 05:43:28","4391.27","6","true"
"316","4687","62","98","2012-05-02 08:01:51","8922.84","9","false"
"317","4856","23","20","1981-02-12 12:01:13","7234.13","6","false"
"318","2465","44","78","2005-02-24 17:34:25","8550.75","1","false"
"319","576","41","76","1987-05-13 01:52:38","9993.54","4","true"
"320","4750","62","74","2018-12-30 04:05:22","574.43","8","true"
"321","3676","56","0","2010-10-05 09:16:26","2113.49","9","true"
"322","86","65","0","1971-11-01 13:17:53","6136.65","6","true"
"323","1853","75","99","2000-05-17 17:00:15","52.66","10","true"
"324","3173","89","22","2023-04-03 00:09:36","851.54","2","true"
"325","4776","75","0","1997-12-20 03:16:58","7641.03","1","true"
"326","2215","77","23","1994-02-22 08:32:52","2745.69","3","true"
"327","196","26","1","1986-06-28 07:49:34","7250.36","7","true"
"328","2951","79","41","2016-06-22 10:57:41","6911.29","10","true"
"329","624","40","62","2010-04-01 02:27:18","3472.75","2","false"
"330","385","4","42","1990-10-05 22:57:32","9607.20","7","true"
"331","1530","94","63","2010-08-23 23:18:01","9795.26","5","false"
"332","2466","28","93","1997-07-02 06:14:10","115.48","5","false"
"333","1329","81","77","1974-12-14 13:38:53","247.65","10","false"
"334","4487","56","4","2008-03-29 17:18:20","655.71","5","true"
"335","2421","98","19","2017-01-28 09:33:13","2835.21","7","true"
"336","908","32","74","1993-11-28 04:38:47","9287.40","7","true"
"337","3773","38","17","2009-11-08 22:43:07","9579.53","5","false"
"338","1609","33","45","1996-10-24 04:38:38","2686.42","8","true"
"339","1200","43","99","1990-07-23 23:48:33","7197.41","5","true"
"340","166","8","48","2018-09-06 22:12:24","7985.39","1","true"
"341","735","98","42","1988-08-11 18:57:04","1376.78","3","true"
"342","4632","86","24","1977-09-25 11:05:43","9979.63","3","false"
"343","2513","96","41","1987-07-27 21:32:33","6011.44","9","false"
"344","4982","70","33","2016-01-13 00:56:06","5239.86","6","false"
"345","4806","93","81","2018-08-07 17:18:41","9172.38","1","false"
"346","3945","63","96","2007-07-05 17:01:58","31.59","3","true"
"347","1853","50","3","2021-08-15 22:41:01","903.82","9","false"
"348","136","4","71","2016-11-30 01:13:33","9378.52","6","false"
"349","263","66","60","1978-10-05 07:23:29","8234.13","3","true"
"350","3333","3","61","1992-03-01 19:09:05","1389.81","3","false"
"351","4732","64","1","1976-11-10 19:56:00","3832.34","2","false"
"352","3613","73","60","2014-03-05 17:25:26","1125.86","3","false"
"353","407","26","2","1983-01-20 10:32:16","8073.65","7","false"
"354","1827","60","2","2021-10-02 10:28:56","4255.59","1","true"
"355","3678","74","59","1996-08-06 14:46:10","9016.78","8","false"
"356","925","93","49","1992-07-30 00:27:40","3822.81","7","false"
"357","4449","49","3","1996-08-19 04:50:17","9050.72","10","false"
"358","4152","18","88","1990-07-19 14:14:44","7266.93","4","false"
"359","2892","54","98","2016-12-05 09:02:33","3211.83","3","true"
"360","825","95","18","1987-11-21 10:37:45","9463.66","3","false"
"361","628","79","24","1979-10-17 23:09:46","8478.74","2","true"
"362","3028","53","55","2020-11-14 07:06:44","1365.44","4","false"
"363","1557","61","94","1984-11-19 05:11:38","7990.61","7","false"
"364","3517","81","73","1998-08-02 09:13:50","6234.41","5","true"
"365","4958","41","40","1995-05-14 09:44:57","5364.49","5","false"
"366","2164","8","65","1976-10-06 07:38:51","5260.11","10","true"
"367","2392","31","91","1992-03-30 06:26:33","8083.39","5","false"
"368","747","52","94","2019-09-13 00:24:18","8468.66","7","true"
"369","4775","24","7","1973-11-05 04:51:16","8352.25","4","false"
"370","3812","90","83","1973-06-20 09:33:06","2297.64","6","true"
"371","2148","56","65","2014-05-12 18:08:42","3674.92","10","false"
"372","3238","71","39","1985-04-22 03:17:58","379.32","2","false"
"373","2850","69","60","2009-07-31 13:15:42","8654.83","8","true"
"374","4183","80","24","1981-11-22 04:42:19","9159.02","10","true"
"375","3840","48","38","2023-06-01 01:25:27","7323.40","4","true"
"376","2747","91","64","2012-11-23 07:31:03","9908.46","7","true"
"377","4954","21","3","1989-12-16 20:32:19","865.17","3","true"
"378","317","85","3","2002-05-08 09:54:51","8369.05","3","false"
"379","1698","47","50","1994-09-21 05:19:14","4860.54","8","false"
"380","2503","27","79","2004-12-19 20:05:58","1244.54","8","true"
"381","2286","67","13","1997-02-26 04:30:47","1227.22","7","true"
"382","4973","55","7","2021-12-23 03:09:29","6682.49","7","true"
"383","1441","36","42","1991-01-15 21:18:03","6524.45","1","true"
"384","4504","68","14","2016-08-19 01:59:46","6922.21","8","false"
"385","4355","14","40","1978-11-08 23:07:50","9054.66","3","false"
"386","3155","66","96","1992-10-27 11:59:47","8050.36","5","true"
"387","642","84","2","1977-11-01 22:22:08","1355.41","8","true"
"388","786","74","41","1976-10-18 14:38:49","8347.43","4","false"
"389","448","36","45","2016-07-07 16:13:38","4494.11","10","true"
"390","1823","54","4","2004-04-21 23:25:03","8795.55","8","false"
"391","2794","39","77","1978-02-02 13:19:51","1059.76","3","true"
"392","3526","78","52","2002-03-09 09:37:53","4296.50","6","false"
"393","172","20","43","1991-03-13 13:29:32","5940.38","7","true"
"394","1818","86","59","2023-04-30 06:29:52","8289.69","1","false"
"395","2700","63","99","2013-01-09 20:43:08","5302.89","2","true"
"396","55","4","54","1971-08-02 18:58:24","1394.42","8","true"
"397","3580","53","20","2008-10-16 04:18:59","3176.82","10","true"
"398","1270","15","35","1992-10-22 20:55:57","7503.95","4","false"
"399","1341","27","86","2016-09-14 19:52:09","8646.49","4","true"
"400","518","70","76","1987-01-30 19:41:32","4451.47","3","true"
"401","4473","21","10","1999-12-28 05:24:57","2851.89","9","false"
"402","2620","16","0","1973-03-10 07:53:25","7906.05","7","false"
"403","4659","73","55","2004-04-04 14:24:08","1954.95","3","false"
"404","98","28","58","1991-01-22 21:50:46","5754.32","4","true"
"405","3069","9","98","1990-09-02 00:16:54","5394.53","7","true"
"406","1262","42","83","1981-12-13 08:03:14","8231.69","4","true"
"407","4620","72","92","1994-03-14 23:23:59","9600.21","7","true"
"408","4433","10","50","2017-10-30 10:10:36","2253.61","3","true"
"409","4549","26","60","1979-07-09 17:58:43","9036.55","3","false"
"410","3355","78","30","2000-10-26 05:05:02","5441.52","8","false"
"411","221","89","29","1992-11-21 17:16:11","6718.49","8","true"
"412","1037","82","90","1971-01-16 13:02:53","2716.41","6","true"
"413","4533","2","90","1993-04-17 04:15:07","8031.67","9","true"
"414","3452","87","43","1979-03-22 00:08:56","8023.53","2","false"
"415","2050","15","56","2013-05-03 17:26:57","9684.20","2","false"
"416","1292","75","19","2020-05-24 06:46:14","4499.65","5","false"
"417","4378","32","72","1989-06-01 02:08:35","8094.50","8","true"
"418","264","82","20","2013-07-11 07:46:24","6682.29","3","true"
"419","734","64","73","2016-07-15 23:02:51","5011.43","8","true"
"420","3076","80","28","1991-04-07 02:31:13","462.29","4","true"
"421","3753","24","56","1981-06-29 16:11:22","8054.32","2","false"
"422","1718","66","57","2013-11-12 21:12:27","6734.65","6","false"
"423","2566","11","68","2017-12-01 01:42:38","3347.50","5","false"
"424","752","15","10","2008-10-01 21:08:24","3508.32","3","false"
"425","172","34","49","2004-08-03 18:19:38","5034.90","9","false"
"426","3104","65","22","2014-04-05 06:46:50","5401.01","9","false"
"427","2704","23","44","1971-11-17 19:23:50","3617.79","10","false"
"428","901","9","10","1996-09-09 13:15:24","3947.20","10","true"
"429","3976","91","90","1994-09-28 19:55:55","7436.00","6","false"
"430","2182","76","40","2018-05-05 17:46:24","5305.04","6","false"
"431","2585","78","67","2014-07-18 13:04:21","4720.87","10","false"
"432","2376","75","76","1987-08-17 05:17:13","5404.31","5","true"
"433","105","73","62","1977-07-30 08:08:15","8723.10","10","false"
"434","644","39","89","1978-03-31 04:21:45","7181.01","6","true"
"435","2012","11","2","2001-03-06 22:25:33","4905.04","6","true"
"436","686","33","63","1999-06-19 03:30:09","5028.59","10","false"
"437","3467","49","29","1983-07-29 20:23:02","7509.94","7","true"
"438","2705","20","84","2007-01-31 21:19:32","9454.92","8","false"
"439","4222","64","0","2014-12-16 01:40:28","8641.36","4","false"
"440","3933","59","78","1997-12-19 02:52:12","4135.96","4","true"
"441","2182","6","73","2000-09-04 06:41:00","6918.25","8","true"
"442","3862","49","92","1988-04-18 09:05:31","3685.42","6","false"
"443","2023","80","10","1978-03-30 07:42:10","7452.50","10","false"
"444","2253","47","93","2001-12-16 17:00:34","8245.62","2","true"
"445","1049","90","28","2000-12-06 04:54:45","6391.33","6","true"
"446","1797","48","39","2017-09-27 00:13:29","1711.48","2","false"
"447","1420","76","58","1978-10-12 16:53:24","6797.02","2","false"
"448","4659","73","18","2006-09-02 20:14:04","3682.11","7","true"
"449","516","59","63","1998-06-18 19:48:15","238.40","5","true"
"450","64","87","89","1984-05-05 23:52:16","873.45","2","true"
"451","2383","16","88","2017-08-07 17:45:10","3361.02","5","false"
"452","4066","97","56","2017-06-24 19:36:49","4271.22","6","false"
"453","1800","29","58","1996-03-30 03:52:08","762.10","9","false"
"454","903","29","94","2005-11-01 10:36:33","7264.99","4","true"
"455","4054","43","4","2006-10-07 15:14:55","3518.68","10","true"
"456","539","49","95","2008-07-16 12:00:19","9497.14","1","true"
"457","3636","48","46","2022-08-11 20:20:21","3298.52","2","true"
"458","4556","20","51","1999-10-10 00:48:55","8972.10","6","false"
"459","4058","67","18","1991-03-31 19:02:40","9733.52","6","false"
"460","541","7","43","1997-06-03 02:05:50","4590.92","4","true"
"461","3833","73","99","2002-06-27 07:07:19","6772.67","9","false"
"462","4129","13","19","1984-03-07 08:26:41","4143.01","4","false"
"463","4041","83","40","1979-07-21 02:23:02","8787.20","9","false"
"464","3366","22","49","1983-07-25 00:34:49","599.60","6","false"
"465","4559","21","6","1978-08-31 11:11:26","7748.78","5","true"
"466","4640","72","88","1979-02-06 08:16:53","4898.17","7","true"
"467","1577","26","80","2003-01-17 15:03:22","8492.14","9","true"
"468","1108","94","99","2002-07-11 23:03:19","1416.22","10","true"
"469","2189","48","97","1970-04-11 04:11:16","6267.51","6","false"
"470","1725","67","72","1989-02-27 22:19:53","4611.97","1","false"
"471","3254","3","24","1974-06-10 04:59:04","3037.78","8","false"
"472","3273","40","57","2010-06-26 06:36:30","7351.64","3","true"
"473","986","14","19","2007-11-01 10:03:05","6693.16","7","true"
"474","4098","18","13","1999-04-06 16:32:13","2093.58","5","true"
"475","3487","79","16","1985-01-18 03:16:51","1760.97","5","true"
"476","3699","15","90","1982-09-18 13:58:20","8147.43","1","true"
"477","268","53","7","1991-07-02 18:52:31","7242.65","1","true"
"478","4752","61","1","1970-11-27 01:29:29","535.40","2","true"
"479","602","8","78","1983-12-11 21:12:02","904.14","3","true"
"480","1006","11","47","2004-03-14 07:03:37","9522.74","2","true"
"481","463","51","92","2009-11-03 15:21:44","6602.07","5","true"
"482","4246","33","67","1977-09-06 02:07:43","6040.74","8","true"
"483","3014","29","36","2015-04-04 10:51:41","7599.31","6","true"
"484","3144","18","22","1987-06-09 19:24:29","798.70","1","true"
"485","1527","38","87","2019-04-08 05:08:11","9785.57","10","true"
"486","2909","5","11","1992-12-31 19:04:59","1387.81","3","false"
"487","2992","33","11","1970-08-04 03:57:09","4511.62","3","false"
"488","1404","20","80","1971-05-24 03:14:08","6579.99","7","true"
"489","4186","39","88","2004-02-26 10:15:27","1876.03","2","false"
"490","1905","59","41","2008-08-20 04:47:52","8428.05","8","false"
"491","3377","12","96","2005-08-30 09:12:06","9952.23","8","true"
"492","4909","74","22","1988-12-10 23:13:40","6312.85","10","false"
"493","3771","64","67","1974-05-12 13:04:01","943.80","5","true"
"494","2877","89","24","2009-06-14 08:52:28","405.54","2","true"
"495","598","29","69","2006-12-04 11:21:40","4626.99","10","false"
"496","4571","48","37","1979-09-19 17:28:26","4287.82","3","true"
"497","2456","64","34","2014-06-20 20:31:30","8737.39","1","true"
"498","3628","55","32","2007-10-28 18:13:55","96.44","10","true"
"499","4692","16","33","1974-08-14 09:29:47","8348.88","1","false"
"500","241","1","69","1993-12-07 06:27:22","8168.00","8","false"
"501","8","86","9","1985-09-02 13:04:53","4866.40","6","true"
"502","4352","1","76","1973-11-05 21:14:49","142.29","8","true"
"503","2500","35","40","1980-03-07 12:28:51","4546.11","2","true"
"504","1669","4","12","1992-01-22 20:18:35","9553.69","1","true"
"505","2506","43","44","2014-06-28 07:01:06","9251.06","1","false"
"506","4303","72","46","1996-04-21 10:10:35","3423.77","6","false"
"507","316","72","37","1974-07-07 15:59:48","1931.96","3","false"
"508","121","60","43","2015-08-18 00:57:10","1703.20","8","false"
"509","3970","79","70","2001-01-17 10:28:35","8833.61","4","false"
"510","2490","57","43","1997-08-25 10:44:52","2076.47","5","false"
"511","520","20","22","2005-01-02 01:27:00","7830.20","7","true"
"512","3438","1","83","2023-11-20 14:36:54","8242.82","7","false"
"513","581","83","13","1995-08-07 18:56:59","1545.71","6","false"
"514","2944","21","85","2009-01-06 22:59:34","2901.63","9","true"
"515","4881","33","25","1973-12-16 01:33:12","4439.84","6","false"
"516","2261","46","97","2000-02-08 05:02:56","6876.15","5","false"
"517","2371","33","98","1972-12-19 18:41:19","9306.48","3","false"
"518","2678","91","15","2019-08-09 19:43:58","105.27","6","true"
"519","264","92","50","2019-02-08 01:26:20","4098.82","2","false"
"520","1600","15","43","1976-02-10 13:03:38","1960.68","5","false"
"521","1460","86","25","1979-12-04 13:54:42","8319.25","5","true"
"522","2523","48","43","1985-06-02 02:18:55","8999.16","1","true"
"523","2721","55","69","1999-10-02 19:47:02","1007.55","3","false"
"524","3264","6","71","1995-09-19 03:53:17","5390.08","1","false"
"525","3782","88","90","2016-03-19 17:22:24","6445.40","10","false"
"526","4465","0","19","1999-02-12 17:39:31","1816.70","10","false"
"527","3252","56","96","1975-01-23 13:22:22","3425.82","3","true"
"528","1883","36","43","1996-02-18 20:48:14","9270.68","1","false"
"529","3566","5","52","1972-07-27 11:58:39","6259.16","1","true"
"530","3613","79","15","1973-10-04 04:21:52","3014.84","5","true"
"531","1924","61","78","1972-05-25 22:26:03","3103.08","9","false"
"532","141","96","60","1995-09-30 09:45:32","4330.53","1","false"
"533","3674","87","22","2017-03-19 12:28:38","399.08","9","true"
"534","1132","73","81","1983-03-12 17:00:11","3530.80","1","true"
"535","332","63","93","1989-05-29 03:39:32","5014.20","4","true"
"536","2297","13","16","2020-04-13 08:58:52","610.12","8","false"
"537","818","63","75","1982-06-25 09:56:19","187.37","5","false"
"538","3767","20","69","2004-03-16 17:57:41","666.79","8","false"
"539","2596","49","61","1995-05-29 17:14:14","3339.12","6","false"
"540","4654","51","96","2011-02-07 05:42:45","8920.67","3","true"
"541","2410","12","65","1976-01-07 07:25:09","4806.96","9","false"
"542","3009","9","70","1971-03-18 01:58:12","5137.65","1","true"
"543","4101","95","29","1995-03-12 01:06:07","3004.44","5","true"
"544","4426","74","92","1988-07-29 20:22:04","4489.42","1","false"
"545","2226","3","34","1989-03-19 17:47:40","2042.56","8","true"
"546","873","81","74","2013-06-05 13:04:52","9186.73","7","true"
"547","2709","72","77","1976-07-24 14:19:00","8231.09","1","false"
"548","2650","59","10","1978-10-31 06:38:42","6330.11","1","true"
"549","4573","66","17","2010-03-19 02:39:57","50.52","9","true"
"550","4925","56","74","2017-07-01 09:04:10","118.82","2","false"
"551","4523","87","88","2013-01-12 19:12:06","1901.68","1","false"
"552","2615","72","60","1974-07-06 01:56:12","4184.24","3","false"
"553","2695","35","99","2014-01-24 22:52:58","1131.89","6","false"
"554","1177","29","4","2009-04-13 09:59:11","9988.87","1","false"
"555","3549","40","73","2014-07-21 10:03:06","7297.99","10","true"
"556","2394","86","84","1996-01-09 22:02:10","5759.86","5","true"
"557","3373","53","37","1970-08-19 20:02:07","5718.54","9","false"
"558","4492","69","75","2011-05-15 11:44:27","603.74","8","false"
"559","768","2","99","1991-01-28 07:51:11","2773.90","1","false"
"560","3021","70","53","2010-12-17 18:44:41","2387.16","1","false"
"561","2890","84","39","2009-12-02 04:15:29","4602.82","1","false"
"562","907","20","43","1979-11-27 20:41:11","6536.26","1","false"
"563","700","79","96","1981-09-17 22:27:20","4193.60","2","true"
"564","3815","51","69","2013-02-24 01:24:31","5278.74","2","true"
"565","4039","10","37","2000-02-20 10:18:09","5527.02","3","true"
"566","892","72","21","1974-03-14 08:08:21","3995.28","2","false"
"567","3619","16","80","1977-05-18 01:05:51","2328.75","3","true"
"568","93","55","72","2003-11-26 09:44:48","7295.80","4","false"
"569","938","48","82","2000-02-12 14:42:29","9819.64","5","false"
"570","3844","23","67","1977-09-20 10:38:40","1479.95","5","false"
"571","204","38","76","1983-04-07 08:35:32","5932.29","10","true"
"572","4312","11","29","1981-08-26 18:21:22","5894.92","3","false"
"573","178","90","2","1995-01-04 02:36:32","731.75","1","true"
"574","542","92","42","1996-04-23 20:37:04","676.08","7","true"
"575","3772","82","47","2006-02-18 22:33:58","8591.34","7","true"
"576","1313","46","6","2022-06-26 06:07:58","4078.16","3","true"
"577","4251","64","35","1986-02-18 18:36:16","3320.52","5","true"
"578","2272","88","49","1977-06-17 11:17:59","8379.34","3","false"
"579","1290","95","48","1984-01-02 14:52:26","2743.33","1","false"
"580","2992","61","19","1979-01-28 01:21:02","3438.88","8","true"
"581","1090","0","76","2001-11-11 09:22:30","8315.52","4","true"
"582","3561","93","74","1985-09-03 13:24:04","370.01","10","false"
"583","3308","75","62","1973-02-18 12:02:51","28.65","4","false"
"584","3145","88","62","2004-01-18 03:52:23","7189.79","6","true"
"585","1589","83","90","2015-12-19 11:01:23","7392.83","4","false"
"586","4513","33","91","1993-01-02 20:34:25","879.55","9","true"
"587","3598","25","49","2018-07-23 05:22:58","1808.58","4","false"
"588","533","10","20","2015-08-16 09:38:38","2438.09","6","true"
"589","1111","54","91","1994-07-27 13:54:01","9939.33","8","true"
"590","1201","22","85","1983-12-08 15:58:20","6395.36","4","false"
"591","3487","31","21","2021-03-03 15:38:40","6557.89","4","false"
"592","3738","54","28","1990-01-10 05:15:34","7948.41","4","true"
"593","2477","19","35","2000-02-18 11:39:36","6885.37","9","true"
"594","2897","83","5","1974-05-06 19:04:58","100.10","8","false"
"595","3958","66","23","2012-09-17 16:09:48","5750.52","10","false"
"596","1551","93","32","2005-11-11 13:17:17","8873.78","6","true"
"597","2376","55","66","2010-05-17 10:24:43","2782.30","3","false"
"598","1635","0","45","1992-09-08 15:20:47","8294.32","10","false"
"599","4926","99","54","2009-11-10 16:26:37","3791.45","10","false"
"600","622","59","14","1979-08-31 13:42:17","8914.58","10","true"
"601","4031","83","60","1983-07-20 10:56:35","5613.77","2","true"
"602","194","12","48","1987-12-08 14:50:21","9269.57","10","false"
"603","1023","46","11","1999-08-27 06:37:20","8454.26","4","false"
"604","2436","48","68","1981-07-12 11:24:15","2944.10","10","false"
"605","1488","45","64","1997-01-07 04:35:01","7353.09","2","true"
"606","1496","43","26","2007-03-03 00:27:25","2741.03","9","false"
"607","4680","47","10","1981-02-22 10:46:34","5728.92","2","false"
"608","211","49","56","1986-09-16 20:21:30","8893.11","6","true"
"609","11","66","81","1970-07-10 00:06:18","1561.51","9","true"
"610","1285","67","19","2006-03-18 01:11:10","7252.45","2","true"
"611","997","82","16","1999-06-26 10:21:38","8389.11","4","true"
"612","1792","6","61","1986-06-14 17:54:26","9198.10","2","false"
"613","1653","34","58","2006-03-17 13:10:09","3212.49","6","false"
"614","1548","49","10","1975-03-03 13:17:18","7998.44","6","false"
"615","3376","95","87","1990-03-07 17:28:26","8550.71","8","false"
"616","956","61","94","2009-10-12 20:53:48","9712.40","8","true"
"617","4950","63","12","1987-12-18 06:02:37","7031.37","8","false"
"618","3420","29","1","2000-08-02 20:23:08","1270.31","5","true"
"619","4033","77","74","1979-08-24 07:40:09","4378.61","1","false"
"620","1293","66","70","2009-07-03 01:08:06","6565.67","10","false"
"621","3963","93","29","2019-01-31 16:07:55","3047.75","2","true"
"622","4220","35","38","1978-09-13 21:46:32","5390.27","2","true"
"623","1836","26","90","1996-11-20 07:54:15","2822.83","3","false"
"624","2138","92","86","2006-04-03 00:00:51","9780.47","5","true"
"625","543","93","3","1972-08-26 08:16:23","2140.39","5","true"
"626","3358","57","4","2012-02-13 07:43:47","6015.63","3","true"
"627","3328","82","94","1990-03-28 13:43:53","4849.27","8","false"
"628","4263","7","22","1989-05-27 16:45:56","7242.12","6","true"
"629","1812","59","47","1995-08-17 01:39:09","9044.96","7","true"
"630","3964","42","78","2016-10-06 22:32:56","6128.50","4","false"
"631","4160","68","55","2022-09-08 10:49:35","9014.64","7","false"
"632","3449","12","64","2014-08-04 17:21:06","5063.29","4","true"
"633","2146","18","17","1970-05-27 11:42:46","4205.86","4","true"
"634","3552","92","89","2012-06-20 16:57:06","6701.43","6","false"
"635","250","9","86","2012-03-20 06:10:00","6957.68","6","false"
"636","3810","68","84","1981-05-31 01:37:10","6689.53","5","false"
"637","960","7","19","1993-12-17 01:12:12","7057.12","1","false"
"638","4556","59","13","2006-04-29 18:25:57","4493.65","7","false"
"639","4692","23","46","2008-04-01 17:20:53","6061.39","5","false"
"640","4948","28","1","2012-07-30 11:36:41","8577.54","1","true"
"641","2415","0","20","1984-07-25 09:13:09","1420.93","10","false"
"642","2926","2","36","2002-08-21 04:33:30","5769.85","2","false"
"643","3082","47","15","1995-12-17 15:16:30","6288.80","7","false"
"644","2013","38","60","2011-11-25 02:28:26","1219.78","7","true"
"645","1207","59","72","2008-12-19 03:31:16","1859.35","1","true"
"646","2998","12","36","1981-08-14 13:08:50","5764.96","5","true"
"647","4950","15","97","2019-01-25 06:15:05","3285.11","2","false"
"648","2284","15","91","1977-01-15 19:13:47","6084.03","7","true"
"649","1017","26","21","2019-08-14 09:16:09","5927.15","5","false"
"650","4835","1","84","2014-06-08 16:51:14","9393.33","4","true"
"651","1794","74","8","1978-09-09 06:32:40","7680.75","6","true"
"652","4444","45","34","1997-06-01 08:42:30","6332.65","6","false"
"653","2942","51","89","1986-08-07 13:16:02","6867.99","2","false"
"654","1297","12","49","1998-05-27 21:50:14","3219.97","2","true"
"655","4630","73","81","1997-09-02 06:33:51","6999.52","3","true"
"656","79","83","76","2005-03-14 13:37:27","1146.42","7","false"
"657","3303","66","70","2014-08-07 22:00:08","810.71","1","true"
"658","492","74","75","2023-08-07 08:24:29","1503.75","6","true"
"659","1912","15","74","2004-01-05 20:28:42","2684.49","4","false"
"660","500","56","77","1974-02-09 07:47:31","6885.33","5","true"
"661","2611","83","10","2002-07-10 06:44:06","4127.70","2","false"
"662","2827","72","54","2017-03-31 15:58:51","9642.38","8","true"
"663","2488","63","45","1995-12-02 15:20:13","9731.21","4","true"
"664","3074","89","23","1972-04-14 01:42:36","6231.50","4","true"
"665","250","79","78","1996-04-03 17:10:34","6786.60","2","false"
"666","578","72","94","1976-07-31 09:29:48","3351.67","10","false"
"667","3852","79","20","2003-11-21 17:20:26","4943.74","10","true"
"668","165","73","22","2019-07-03 08:28:56","1717.81","5","false"
"669","1150","97","57","2018-10-25 05:59:25","6022.28","7","true"
"670","4544","49","79","1978-01-15 09:03:54","4332.05","9","true"
"671","431","98","56","2023-04-25 00:12:15","1280.49","3","false"
"672","3652","37","32","1977-05-03 13:55:40","272.52","1","true"
"673","72","46","3","1977-12-07 08:03:30","4256.22","6","false"
"674","995","59","98","2005-09-26 00:16:03","3393.08","9","false"
"675","2489","1","42","1989-09-22 05:35:07","4408.45","8","false"
"676","2368","74","52","1984-07-25 19:31:56","6913.99","3","false"
"677","892","77","19","1982-05-22 01:07:54","2408.56","4","false"
"678","2020","41","29","1990-02-23 19:17:29","5343.29","8","false"
"679","3165","82","72","1991-01-18 01:41:11","1057.87","9","true"
"680","4087","69","9","2003-10-22 10:11:29","6939.13","2","false"
"681","4957","34","73","1993-08-01 10:36:19","9753.68","4","true"
"682","4047","23","98","1977-12-03 15:05:28","603.55","3","false"
"683","2847","63","46","1976-07-01 22:34:13","4711.92","9","false"
"684","1043","11","95","1975-09-30 18:58:56","4501.73","3","true"
"685","4158","32","62","1999-08-12 02:18:45","5423.99","1","true"
"686","1417","29","18","2002-08-25 01:22:43","8168.75","4","true"
"687","3666","41","33","2005-01-20 19:59:54","5245.90","10","true"
"688","3725","92","3","1994-01-23 06:42:44","4429.06","7","false"
"689","2582","41","28","2005-08-02 02:13:07","1674.79","3","false"
"690","4222","59","74","1989-01-30 13:50:07","7886.59","5","false"
"691","4206","23","99","2011-06-14 17:40:35","6942.31","9","false"
"692","698","46","54","1994-12-13 19:53:05","4533.99","3","false"
"693","1817","59","34","1972-07-23 10:07:54","9148.04","10","false"
"694","3991","92","80","1973-07-20 13:05:03","6731.84","8","false"
"695","512","58","11","2018-08-16 12:27:05","7725.60","3","true"
"696","3712","19","76","1984-06-12 07:06:12","1565.63","5","false"
"697","4833","61","23","1981-06-19 22:08:03","1084.86","8","true"
"698","4991","44","15","1997-02-06 07:00:01","7780.76","6","false"
"699","2258","73","82","1970-06-29 03:40:41","3226.43","6","false"
"700","3300","49","4","1997-07-02 16:25:50","8918.40","3","false"
"701","1896","41","35","2006-03-05 12:50:33","6543.92","2","false"
"702","4524","61","68","2016-06-02 01:37:00","3654.23","2","true"
"703","4370","77","73","2009-07-01 10:06:58","6008.41","9","false"
"704","206","93","46","2009-09-13 07:14:56","7593.35","2","true"
"705","650","96","36","2012-12-27 23:03:22","9159.75","3","false"
"706","2438","63","0","1975-08-14 21:53:24","3017.34","8","false"
"707","1393","26","13","2019-07-15 00:28:15","6583.57","4","true"
"708","4226","31","2","2016-02-15 03:09:22","2662.48","8","false"
"709","4963","90","56","2000-02-16 02:46:52","6835.89","4","false"
"710","2036","68","5","1972-09-04 11:23:57","9017.62","6","true"
"711","2253","22","69","1995-12-17 22:33:59","1572.04","7","true"
"712","4654","32","85","2020-04-26 02:07:03","1812.40","1","true"
"713","3031","12","20","1970-03-24 00:34:27","5656.33","5","false"
"714","3134","75","29","2007-09-06 02:11:06","35.50","5","false"
"715","3217","62","14","1992-09-30 22:45:36","6864.47","2","true"
"716","4877","19","96","1971-03-11 11:51:47","170.52","3","false"
"717","3677","88","34","1977-06-14 03:50:17","9202.02","2","false"
"718","3049","56","47","1998-07-13 09:58:49","4657.53","7","false"
"719","660","12","44","2000-08-02 10:04:01","5769.72","4","true"
"720","304","57","23","1975-04-10 21:58:21","1445.16","4","true"
"721","2348","4","36","1983-01-23 01:46:02","6970.49","7","false"
"722","2088","68","75","2014-04-06 16:40:49","9106.75","7","false"
"723","4132","90","71","2005-11-21 03:55:15","9052.53","10","false"
"724","1326","23","31","1999-11-18 22:34:40","1886.65","2","false"
"725","262","74","86","1987-12-25 06:51:28","3114.23","10","false"
"726","2824","79","25","1987-03-23 10:56:17","8448.11","8","true"
"727","3884","93","91","2021-09-04 12:45:14","2691.51","6","false"
"728","3692","50","73","2011-07-04 15:44:26","7844.48","6","false"
"729","3622","42","9","2009-03-17 15:59:22","6711.64","8","true"
"730","4600","82","72","1986-09-27 22:58:18","5138.13","1","true"
"731","2240","83","76","1994-07-08 00:58:37","439.06","6","false"
"732","2635","32","28","1971-11-14 17:42:01","7462.83","5","false"
"733","2711","32","47","2012-11-17 23:32:22","2748.92","3","false"
"734","1120","66","94","1987-10-01 09:40:56","8772.10","10","false"
"735","674","42","85","1978-09-21 13:34:00","5428.43","1","true"
"736","1808","30","15","1980-06-14 23:10:34","7766.01","2","true"
"737","914","25","35","2021-03-23 00:08:39","5693.91","9","false"
"738","898","82","91","1983-12-22 17:20:14","5104.22","3","true"
"739","2095","1","42","2010-09-02 23:41:06","6733.52","2","true"
"740","1579","71","22","1994-11-19 23:58:00","9626.78","10","false"
"741","2781","25","80","1991-10-31 05:12:38","8111.43","10","true"
"742","4761","63","15","1993-10-30 07:06:47","9114.07","8","false"
"743","1732","79","64","1983-03-07 14:31:43","6968.60","1","false"
"744","3352","57","90","2003-03-13 06:00:50","2737.68","5","false"
"745","3794","28","86","1983-12-26 12:44:30","6206.75","5","true"
"746","4506","79","38","2008-05-07 21:15:27","6743.53","3","true"
"747","966","25","70","2006-05-29 15:13:40","256.45","1","true"
"748","1507","81","54","1989-12-02 10:19:27","8644.87","9","false"
"749","341","77","37","2000-01-30 12:54:49","865.46","9","true"
"750","1112","43","48","2013-07-02 19:47:37","979.26","6","true"
"751","4219","10","81","1973-09-07 11:20:06","5265.21","5","true"
"752","178","42","47","1989-09-25 13:04:10","3689.80","2","false"
"753","1509","73","74","1990-01-28 20:30:14","7765.00","1","true"
"754","4936","41","78","1996-04-29 14:22:24","6595.11","10","true"
"755","2300","32","97","1980-11-29 01:52:20","478.67","8","true"
"756","1254","57","78","1995-05-25 13:42:33","4880.81","10","false"
"757","2426","8","60","2001-06-08 16:26:29","7468.03","4","true"
"758","1864","63","95","2019-12-16 22:22:47","8034.69","4","false"
"759","906","96","46","1984-03-31 08:55:05","1326.84","10","true"
"760","4681","10","5","2006-03-07 21:54:08","7092.96","2","true"
"761","685","57","10","1978-11-18 04:49:36","7258.46","5","true"
"762","625","24","86","2008-07-09 19:13:45","2219.90","5","false"
"763","2754","54","99","2023-10-08 23:42:43","4450.08","9","false"
"764","970","22","40","2009-08-12 19:35:40","1249.50","9","false"
"765","2600","35","63","1988-02-03 12:29:00","9611.47","6","true"
"766","4189","0","78","2019-07-14 16:39:20","1484.40","10","true"
"767","403","59","49","1975-08-26 18:53:34","9705.41","2","true"
"768","1830","43","81","1997-08-22 12:29:10","9150.46","4","true"
"769","3054","97","40","1998-07-30 22:56:40","7400.43","7","false"
"770","2808","34","19","2007-09-10 17:45:09","6408.08","1","true"
"771","1632","89","14","2022-12-22 11:52:26","7008.96","6","true"
"772","503","23","43","2021-10-07 09:35:43","1843.65","5","true"
"773","552","39","71","1975-09-10 03:47:04","5592.33","3","true"
"774","347","64","87","1995-05-11 13:20:03","4417.20","2","false"
"775","4297","33","40","1974-04-28 22:19:00","8896.73","6","false"
"776","1237","35","60","1990-05-06 09:47:12","7050.64","5","true"
"777","780","55","84","1995-03-01 04:50:31","7040.49","4","false"
"778","3962","76","59","1971-08-09 08:41:36","3458.81","7","false"
"779","1817","96","87","1986-12-22 21:19:22","7024.02","3","false"
"780","3856","7","85","1978-04-29 14:46:47","9504.59","7","true"
"781","4235","73","31","2007-08-05 11:16:57","8232.79","4","true"
"782","1540","88","20","2008-07-02 22:58:01","9191.42","5","false"
"783","3419","84","75","2012-03-29 11:06:33","4054.17","9","true"
"784","3915","98","26","1993-12-16 06:28:30","2387.66","5","false"
"785","3589","98","43","1990-07-13 10:42:02","7743.29","2","false"
"786","1923","95","25","2011-06-15 14:12:26","6037.27","6","true"
"787","4524","5","35","1972-12-09 00:21:47","6817.75","10","true"
"788","2580","20","69","1974-12-21 21:45:48","9967.19","6","true"
"789","2810","78","52","2014-12-23 10:20:36","7116.12","9","false"
"790","459","47","28","2002-02-21 05:29:37","2395.53","5","false"
"791","1992","7","18","1980-10-22 13:39:23","7242.80","7","true"
"792","1957","6","31","1980-09-20 05:28:11","2395.69","7","true"
"793","3124","27","93","2014-03-15 22:57:38","2806.26","3","false"
"794","2841","33","97","1982-01-08 10:54:40","3926.17","2","true"
"795","4762","24","50","2016-04-23 08:44:50","5832.01","4","true"
"796","1782","87","18","1979-01-27 09:06:36","1993.87","5","true"
"797","472","63","62","1989-09-24 00:52:54","2365.64","9","false"
"798","603","28","31","1989-07-22 13:38:37","9238.62","2","true"
"799","1353","20","35","1973-10-19 07:00:15","8452.42","8","false"
"800","1097","97","74","2018-06-24 10:30:46","6368.47","8","false"
"801","4441","38","25","2017-04-23 04:35:23","7025.39","9","true"
"802","2876","52","93","1985-07-22 11:40:14","3806.65","9","true"
"803","698","2","1","1981-11-18 06:28:32","9075.16","9","true"
"804","77","91","90","2004-02-10 22:28:11","50.17","10","true"
"805","3337","15","66","2023-03-14 17:14:21","6966.77","8","false"
"806","4600","68","58","2010-08-22 05:02:47","9292.50","3","true"
"807","1530","91","32","1980-10-14 09:33:16","7874.94","7","false"
"808","3029","52","90","2011-10-03 10:53:55","7541.12","3","false"
"809","3484","38","63","2004-07-27 22:46:54","7778.92","7","false"
"810","260","33","80","1991-11-04 18:04:57","9574.70","5","false"
"811","104","73","8","1982-03-23 00:43:19","8535.42","8","true"
"812","3239","10","93","2004-09-15 13:37:06","6360.57","1","false"
"813","3005","25","81","1973-12-09 07:16:43","9182.30","6","true"
"814","284","43","54","1991-04-02 23:49:04","4891.99","2","true"
"815","3989","32","65","1993-04-23 02:19:39","7191.96","7","true"
"816","3935","66","46","2004-11-18 00:14:15","4287.74","3","true"
"817","579","40","41","1973-06-07 09:21:30","9440.21","4","true"
"818","3066","58","18","1996-12-21 13:08:58","9793.22","10","false"
"819","3713","50","36","1995-04-21 19:18:09","6681.50","5","true"
"820","3569","83","35","2012-08-19 20:16:01","136.29","3","true"
"821","862","95","78","2008-08-23 07:35:06","7044.74","1","true"
"822","1471","22","90","2001-01-23 12:42:13","4320.68","2","true"
"823","1801","90","98","1992-08-23 14:23:51","2399.73","6","true"
"824","1637","10","7","2010-02-16 17:13:43","4563.81","6","false"
"825","2559","33","6","2005-11-23 03:38:09","8182.46","5","false"
"826","4433","5","55","2002-09-17 07:30:37","1980.80","8","true"
"827","249","22","84","2003-11-07 23:40:09","480.18","1","false"
"828","4693","37","43","2015-08-04 20:09:18","2671.44","8","true"
"829","4433","16","92","2003-02-03 09:19:08","5701.34","2","false"
"830","1529","70","68","2016-03-26 20:19:16","5040.20","3","true"
"831","1521","4","18","1985-05-17 02:18:26","4698.45","1","true"
"832","4064","21","18","1998-03-30 01:52:15","6031.23","6","true"
"833","3003","73","70","2006-07-05 16:30:58","8674.69","10","true"
"834","1534","88","17","1999-05-28 05:38:53","60.13","10","false"
"835","3334","87","77","1993-08-30 09:18:55","1839.74","6","true"
"836","4192","18","12","2015-06-13 05:55:27","1373.94","7","false"
"837","1817","79","25","2012-01-29 22:57:39","1656.30","2","false"
"838","4434","24","1","2004-12-13 15:42:08","7397.28","10","true"
"839","502","84","6","2017-11-21 06:39:03","3010.25","9","false"
"840","631","43","29","2001-09-27 13:00:47","1264.12","10","false"
"841","4812","45","2","1977-03-22 22:55:29","1530.70","3","false"
"842","1991","61","73","1971-02-03 16:51:22","8381.25","10","true"
"843","2875","66","1","1983-07-03 12:46:09","1234.59","2","false"
"844","2559","69","74","1983-04-03 14:41:05","7010.46","1","false"
"845","1510","51","60","2010-02-25 05:27:59","1544.38","10","false"
"846","272","47","36","1985-03-14 16:29:03","9984.84","3","true"
"847","891","60","39","2004-06-02 04:07:34","4381.31","6","false"
"848","2107","13","18","2007-02-09 09:29:45","8403.08","6","false"
"849","1193","60","57","1982-07-12 11:26:27","9803.16","3","false"
"850","3155","85","54","2004-05-16 10:14:08","5250.74","2","true"
"851","4266","25","16","2009-03-18 04:03:16","2899.54","6","true"
"852","4020","14","51","2006-06-30 05:00:58","3285.58","1","false"
"853","3770","21","12","2013-11-13 03:16:00","7204.81","6","true"
"854","1591","93","37","1986-03-29 14:51:10","1366.67","6","false"
"855","2502","94","76","2016-03-21 07:02:43","1795.72","7","true"
"856","3531","18","35","1995-01-29 00:58:41","8680.54","4","false"
"857","3231","96","51","2012-07-16 12:00:09","45.19","4","false"
"858","2788","76","22","1991-12-17 00:08:19","282.72","9","false"
"859","564","98","20","1993-11-09 08:15:50","4295.56","10","true"
"860","4468","45","10","1983-09-13 03:45:36","6696.63","9","true"
"861","3062","96","55","1976-02-02 14:59:28","2182.15","4","false"
"862","4512","63","18","2023-10-06 15:54:11","3974.49","6","false"
"863","3162","26","0","2019-06-11 14:30:54","7656.23","6","true"
"864","717","47","4","2001-03-06 12:29:26","9607.26","5","false"
"865","3884","58","2","1975-04-20 13:44:37","8782.11","3","false"
"866","4603","69","4","1999-11-03 08:41:31","5715.10","1","false"
"867","1323","18","8","1978-02-19 19:57:25","2780.80","4","true"
"868","3213","36","86","2016-09-03 17:38:57","2686.37","5","false"
"869","4210","73","44","1985-01-01 23:13:07","7285.34","2","true"
"870","2615","57","36","1972-05-19 15:01:01","7414.42","10","true"
"871","3435","61","89","1991-01-20 11:34:54","7175.60","6","true"
"872","115","22","82","2004-11-04 15:31:51","5313.48","4","false"
"873","2330","94","19","1994-10-29 21:08:25","4235.70","1","false"
"874","2451","42","14","1993-03-03 14:00:05","5313.87","5","true"
"875","232","55","61","1996-10-15 13:41:17","2122.09","7","true"
"876","2953","45","65","1971-09-02 21:04:38","9768.46","3","false"
"877","3668","41","55","2023-08-25 12:54:34","9632.15","1","false"
"878","3571","12","60","2017-04-18 03:59:57","892.70","10","false"
"879","672","69","14","2021-11-21 18:22:57","2027.51","10","true"
"880","1656","92","18","2008-07-03 23:51:09","2249.67","7","false"
"881","3401","58","65","1973-07-24 23:24:56","9569.43","7","false"
"882","904","40","63","1976-11-22 01:04:07","9599.15","5","false"
"883","772","10","86","2022-10-20 14:04:04","4856.12","4","false"
"884","3390","55","80","1995-01-04 14:42:59","2603.25","6","true"
"885","3672","74","83","1980-01-17 18:46:59","5006.40","7","true"
"886","1413","32","27","1972-04-22 20:25:56","5553.42","3","false"
"887","1656","83","13","2023-07-14 15:28:56","7522.08","8","false"
"888","3909","19","56","2016-11-08 10:00:58","2527.86","8","false"
"889","1741","65","87","2008-02-25 00:21:59","6660.38","5","true"
"890","2267","7","75","2014-12-13 20:01:19","8379.76","7","true"
"891","4936","0","23","1987-07-09 09:43:50","9448.55","7","true"
"892","2639","53","58","2018-10-22 18:28:55","9292.77","3","false"
"893","3835","70","46","2023-05-18 22:00:28","5058.05","10","false"
"894","3547","76","35","1989-11-23 08:40:13","1861.00","10","false"
"895","723","84","45","2011-02-07 09:11:03","4639.37","9","true"
"896","3941","93","60","1994-05-29 07:49:26","331.20","3","true"
"897","4147","12","36","1973-02-01 12:53:25","715.59","2","true"
"898","3483","98","11","2023-07-25 23:26:11","6219.47","10","true"
"899","912","10","53","2004-04-08 05:41:22","7980.09","8","false"
"900","935","87","10","2010-10-05 07:12:18","9251.56","7","false"
"901","990","29","48","2013-08-05 17:28:06","3079.60","9","false"
"902","2047","6","96","1995-07-29 19:43:51","9653.74","1","false"
"903","4745","14","29","2009-08-18 09:43:07","5723.33","4","true"
"904","1966","92","43","2009-04-23 01:53:34","8404.07","10","false"
"905","251","26","86","2009-01-08 17:21:10","8313.96","4","true"
"906","831","62","1","2010-12-14 11:12:56","9078.86","2","true"
"907","454","87","67","2004-07-29 15:22:55","5270.01","3","false"
"908","3491","84","27","2003-11-13 22:43:49","7281.65","4","true"
"909","848","37","2","2015-03-06 18:10:50","7627.55","7","true"
"910","1259","66","12","2008-08-07 22:57:32","5658.53","6","false"
"911","1171","13","27","1970-01-07 01:11:27","1393.48","8","false"
"912","1525","36","99","2005-03-31 20:33:53","4804.50","7","false"
"913","1790","26","41","2015-01-16 21:55:33","9287.26","8","true"
"914","242","48","12","1986-07-10 05:26:30","9454.32","4","true"
"915","1290","12","50","1998-10-17 04:52:51","2569.07","3","true"
"916","3838","82","17","2001-06-26 20:32:52","5776.73","4","true"
"917","3100","56","33","1986-03-19 15:41:49","1947.85","8","false"
"918","1780","44","59","1975-09-12 00:46:45","2825.93","10","true"
"919","326","98","31","1988-02-08 08:51:11","2365.89","10","true"
"920","3176","26","92","1986-08-13 09:10:48","9883.00","4","true"
"921","4480","60","57","1977-01-24 04:45:42","8548.01","6","true"
"922","2295","31","51","2019-05-22 14:39:57","6793.63","3","false"
"923","98","80","27","2017-12-26 04:39:22","1644.28","8","false"
"924","1763","21","70","2022-09-22 04:55:05","6931.30","5","true"
"925","324","11","75","1984-08-24 01:06:56","3644.82","6","true"
"926","2316","8","50","2002-04-21 08:53:21","6301.90","2","false"
"927","2105","5","21","2001-11-11 19:18:33","551.50","8","false"
"928","3490","16","40","1978-12-30 19:16:22","9177.73","5","false"
"929","3016","91","65","2012-10-19 17:54:40","5086.87","2","false"
"930","195","65","89","1998-04-05 14:11:35","1182.46","8","false"
"931","1993","1","73","1970-04-04 05:47:03","2961.48","6","true"
"932","2796","47","37","2000-02-21 08:58:08","3178.83","4","false"
"933","1428","64","45","1992-10-13 10:19:18","7093.59","8","false"
"934","1091","64","53","2017-08-23 09:41:30","9909.46","9","true"
"935","3175","31","78","1997-02-13 19:40:03","8358.61","9","true"
"936","959","78","33","2014-01-09 18:52:40","4684.53","7","true"
"937","3492","44","38","2007-04-19 10:00:43","8833.38","8","true"
"938","244","57","92","2017-08-19 16:00:47","2340.94","10","false"
"939","3164","23","55","1986-03-07 07:56:32","9632.53","8","true"
"940","3129","5","66","1998-09-03 12:04:23","5773.54","2","false"
"941","3401","16","52","1986-06-22 06:53:04","6518.60","6","false"
"942","4434","2","64","1998-01-29 09:33:40","7741.07","2","true"
"943","417","86","3","2017-05-04 05:34:28","59.23","7","false"
"944","4132","13","22","2007-02-21 10:33:16","7531.69","1","false"
"945","3520","71","1","1999-04-04 07:45:14","9853.06","10","true"
"946","2685","7","2","1990-10-17 05:08:16","9113.60","1","true"
"947","2543","35","99","1975-11-27 10:59:38","2124.55","9","true"
"948","864","88","90","1994-11-14 15:27:56","1916.76","3","true"
"949","4256","59","77","1989-04-25 13:05:24","7366.77","8","false"
"950","4068","26","77","1988-11-21 06:53:05","3142.88","5","true"
"951","4427","84","66","1996-08-29 16:25:22","9560.72","8","true"
"952","429","33","83","2004-08-17 23:17:27","9209.45","2","false"
"953","2617","44","61","1984-06-02 17:46:18","3481.78","8","false"
"954","1110","95","5","2012-06-14 08:47:42","455.01","5","false"
"955","4231","46","97","1970-05-21 08:12:34","5954.72","6","false"
"956","3077","12","90","2018-11-18 12:10:51","1381.30","1","false"
"957","192","88","46","2005-12-27 16:38:40","3606.56","10","false"
"958","1402","41","6","2007-08-21 20:40:26","4045.25","3","false"
"959","1568","21","18","2000-02-01 16:55:17","1501.66","2","true"
"960","934","38","65","1980-06-18 17:40:06","273.32","3","true"
"961","4906","31","53","1977-07-31 05:06:53","7706.03","8","false"
"962","771","10","27","1972-05-30 05:55:12","2177.06","8","false"
"963","4366","9","83","1996-12-06 13:49:04","8370.46","6","true"
"964","1660","74","30","2009-07-17 07:47:54","9722.79","3","false"
"965","2794","5","61","1981-08-04 08:52:26","8357.86","2","false"
"966","3147","42","15","1989-04-12 23:24:18","6533.67","3","false"
"967","955","35","99","2009-02-17 11:48:11","5280.51","10","true"
"968","5","3","43","2009-06-30 23:36:10","6160.33","8","false"
"969","653","75","89","2011-07-07 03:36:58","4262.25","6","false"
"970","53","60","87","1994-04-29 20:57:58","1345.27","3","true"
"971","4025","42","0","1990-03-13 09:00:51","8235.36","7","false"
"972","3991","73","37","2022-10-28 23:19:33","7605.60","2","false"
"973","2788","66","11","1976-09-17 07:52:11","1161.60","5","false"
"974","488","88","18","1981-06-09 10:18:58","6806.35","9","false"
"975","1342","72","52","2000-08-04 00:51:01","4448.97","9","false"
"976","2665","70","2","2011-02-20 22:52:32","1491.77","1","true"
"977","1226","22","72","1975-02-16 17:44:45","8526.05","7","true"
"978","4475","53","20","2016-12-01 13:18:01","1570.75","5","false"
"979","984","40","22","1972-04-24 12:04:56","7360.28","7","true"
"980","2091","76","51","1993-08-26 00:48:56","3891.97","1","true"
"981","598","15","43","1983-06-03 09:22:41","9152.64","3","true"
"982","3757","34","80","1989-10-08 10:54:38","1407.32","6","true"
"983","3310","79","78","1977-08-20 16:21:37","9581.39","7","true"
"984","389","54","99","1988-01-20 14:22:24","3482.53","9","true"
"985","1639","76","58","1982-01-10 12:34:51","1397.62","10","true"
"986","3461","92","64","1991-05-30 14:41:53","1290.72","6","true"
"987","2583","34","89","2009-07-16 13:42:26","7797.98","1","true"
"988","4070","9","91","2010-04-15 21:29:47","4841.84","1","true"
"989","1034","35","78","2005-04-22 20:00:03","6974.19","3","true"
"990","1677","38","24","1997-06-09 04:04:27","4642.80","3","true"
"991","1158","43","76","1996-09-03 01:36:08","6538.59","2","true"
"992","219","15","41","2017-02-12 05:30:55","3268.38","4","true"
"993","3807","56","51","1983-10-27 15:09:16","4404.41","7","true"
"994","2370","17","68","1988-06-12 05:08:45","4347.92","4","true"
"995","89","26","29","1995-12-04 23:48:39","5603.64","4","true"
"996","1479","9","41","2015-12-15 07:22:13","8494.06","4","true"
"997","1696","84","15","2016-04-30 22:25:12","6873.58","4","true"
"998","2670","73","21","2008-03-02 22:49:59","5913.88","1","false"
"999","3962","93","66","2001-10-10 00:53:48","1046.65","1","false"
